ID,goal_noise,action_noise
91484,108.30168800057086,8.724668587315843
33708,1.303057251116758,53.075597213713976
51325,126.83377011858693,10.490601087893818
42292,1.3275414260810472,70.38881624485626
43580,48.57361122545087,8.786333218399726
14189,1.1475833800280366,103.90746662814482
19737,53.76381480072667,6.730257430201055
